metric,value
macro_f1_pipes,0.22788195457526064
top1_hit_rate,0.5821917808219178
top3_hit_rate,0.7164383561643836
mAP_pipes,0.3600161223978923
