metric,value
macro_f1_pipes,0.40885608979442756
top1_hit_rate,0.5835616438356165
top3_hit_rate,0.8890410958904109
mAP_pipes,0.4392870540963791
