{
  "candidate": "tiny_weekly168_ovr",
  "binary_feature_names": [
    "score_final",
    "score_burst",
    "score_incipient",
    "pressure_topk",
    "pairwise_topk",
    "flow_topk",
    "ewma_topk",
    "slope_topk",
    "burst_cusum",
    "sensor_votes",
    "sel_current_mean",
    "sel_current_max",
    "sel_current_std",
    "sel_current_top1",
    "sel_current_top2",
    "sel_current_gap12",
    "sel_mean_h12",
    "sel_max_h12",
    "flow_1_last",
    "flow_2_last",
    "flow_1_h12",
    "flow_2_h12",
    "sel_mean_h72",
    "sel_max_h72",
    "flow_3_last",
    "flow_3_h12",
    "T1_last",
    "T1_h12",
    "reason__event_start",
    "reason__periodic_recheck"
  ],
  "binary_raw_coef": [
    0.0021240879099404344,
    0.0021240879099404344,
    -0.016967789348833074,
    -0.05183288093753255,
    -0.05183288093753255,
    0.1382513539465449,
    -0.05222481931710933,
    0.00877248780637976,
    0.0021240879099404344,
    -0.2393777704698205,
    -0.013603840293614111,
    -0.006266719321636568,
    -0.0876214388067362,
    -0.006266719321636568,
    -0.06365061028870611,
    0.021938161430377252,
    -0.054854421243259,
    -0.024729548494980505,
    0.02932029131313185,
    0.033862229841746486,
    -0.006437362289923411,
    0.0008802545521695655,
    0.28216687565754184,
    0.04562725865450593,
    0.00034792601016973867,
    -0.0007661431371430672,
    0.9675148427098668,
    0.5267389920939003,
    -4.213209849666194,
    11.812921810305282
  ],
  "binary_raw_bias": -7.799041337878676,
  "binary_threshold_prob": 0.9177578154064294,
  "binary_threshold_logit": 2.4122651731826177,
  "localizer_type": "ovr_logreg",
  "loc_feature_names": [
    "sel__press_24",
    "sel__press_20",
    "sel__press_13",
    "sel__press_27",
    "sel__press_21",
    "sel__press_22",
    "sel__press_5",
    "sel__press_19",
    "sel__press_24__h12",
    "sel__press_20__h12",
    "sel__press_13__h12",
    "sel__press_27__h12",
    "sel__press_21__h12",
    "sel__press_22__h12",
    "sel__press_5__h12",
    "sel__press_19__h12",
    "sel__press_24__h72",
    "sel__press_20__h72",
    "sel__press_13__h72",
    "sel__press_27__h72",
    "sel__press_21__h72",
    "sel__press_22__h72",
    "sel__press_5__h72",
    "sel__press_19__h72",
    "flow_1_last",
    "flow_2_last",
    "flow_3_last",
    "T1_last",
    "flow_1_h12",
    "flow_2_h12",
    "flow_3_h12",
    "T1_h12",
    "flow_1_h72",
    "flow_2_h72",
    "flow_3_h72",
    "T1_h72",
    "score_final",
    "pressure_topk",
    "pairwise_topk",
    "flow_topk"
  ],
  "pipe_models": {
    "pipe_1_bin": {
      "coef": [
        0.01609573398980189,
        -0.03714397857595141,
        0.1589658234113211,
        0.02466514736591257,
        0.06965219237710174,
        -0.02590443114381008,
        -0.07435454732577679,
        0.03151622136300258,
        -0.06637742844362174,
        0.07256256792220396,
        0.09296423351294415,
        -0.006910943658492257,
        -0.12388345282454497,
        -0.0014755036087270228,
        -0.4239970823156183,
        0.12969246273609722,
        0.02573510837546776,
        -0.16496127275892777,
        -0.12548745063520858,
        -0.08297073999665126,
        -0.014717217075852237,
        0.46568964892055004,
        -0.214692991727488,
        0.18126816629438644,
        0.047911609817518706,
        0.01525754449186736,
        -0.006339183199243543,
        -4.781808163886606,
        -0.02750136454351695,
        -0.04101051458799549,
        0.02322185595207486,
        -1.9747235979549937,
        0.0334942897334451,
        0.022683847527022502,
        0.10509805816161534,
        6.657601764596395,
        -0.019991935991187457,
        -0.16170979600541158,
        -0.16170979600541158,
        0.13757414394705586
      ],
      "bias": -2.845888872469641
    },
    "pipe_2_bin": {
      "coef": [
        0.0,
        0.0,
        0.0,
        0.0,
        0.0,
        0.0,
        0.0,
        0.0,
        0.0,
        0.0,
        0.0,
        0.0,
        0.0,
        0.0,
        0.0,
        0.0,
        0.0,
        0.0,
        0.0,
        0.0,
        0.0,
        0.0,
        0.0,
        0.0,
        0.0,
        0.0,
        0.0,
        0.0,
        0.0,
        0.0,
        0.0,
        0.0,
        0.0,
        0.0,
        0.0,
        0.0,
        0.0,
        0.0,
        0.0,
        0.0
      ],
      "bias": 0.0
    },
    "pipe_3_bin": {
      "coef": [
        0.004825868206947288,
        0.15495063055949315,
        0.016382256675347835,
        0.08160559776808589,
        -0.039315601079617415,
        -0.11103901223853838,
        0.03491969994096163,
        0.04784206479696695,
        -0.05341120446325054,
        0.1156177451936294,
        -0.12933165951800538,
        0.10815042859498251,
        -0.19491975200819725,
        0.003606809031067213,
        -0.09399491204669994,
        -0.1463826836034066,
        -0.043628297324969735,
        0.07669505472955164,
        -0.21568396864379602,
        0.10288200546416681,
        -0.24862269846735,
        -0.07847775029261361,
        -0.12155851372116036,
        -0.15046756852129056,
        0.001683640125803987,
        -0.025909517845338275,
        -0.018055809546665042,
        -2.523603908028055,
        0.013662838230222678,
        -0.0184211238299238,
        -0.02184027579033163,
        -1.8659549106812319,
        0.0371048606809524,
        0.004218275737348245,
        0.0987994589292888,
        1.7980466599063725,
        0.005885260045284168,
        0.12025843869066954,
        0.12025843869066954,
        -0.010953548084475895
      ],
      "bias": -1.7898184882428656
    },
    "pipe_4_bin": {
      "coef": [
        -0.30272117556865025,
        -0.07968595111888334,
        0.2579075012278444,
        0.011299598965201692,
        0.16340512982996205,
        0.10039928949757304,
        0.09368399233528486,
        -0.11792521849451852,
        -0.3413791377604867,
        0.5710005297976758,
        0.02441416056836452,
        0.04423266303987311,
        -0.014304216334141704,
        -0.27644073705092853,
        -0.3480694453469072,
        0.21156795400457404,
        0.24079528029557545,
        1.0251241344595703,
        0.2544966931362909,
        0.05192566288870821,
        -0.4088916314412328,
        -0.7964835744462408,
        -0.712880395586904,
        -0.25526044781916396,
        -0.09361623078830697,
        0.06181642381308733,
        0.0017845310706324962,
        2.0359471952594417,
        -0.030560414689497342,
        0.06870553233495011,
        0.011119077895294096,
        0.0029119944610531702,
        -0.05731541784216372,
        0.045112112549257344,
        -0.021868612114923653,
        0.00648693464294031,
        -0.006239307790208103,
        0.09721164547502929,
        0.09721164547502929,
        -0.0398055901507554
      ],
      "bias": 1.322077950425938
    },
    "pipe_5_bin": {
      "coef": [
        0.0,
        0.0,
        0.0,
        0.0,
        0.0,
        0.0,
        0.0,
        0.0,
        0.0,
        0.0,
        0.0,
        0.0,
        0.0,
        0.0,
        0.0,
        0.0,
        0.0,
        0.0,
        0.0,
        0.0,
        0.0,
        0.0,
        0.0,
        0.0,
        0.0,
        0.0,
        0.0,
        0.0,
        0.0,
        0.0,
        0.0,
        0.0,
        0.0,
        0.0,
        0.0,
        0.0,
        0.0,
        0.0,
        0.0,
        0.0
      ],
      "bias": 0.0
    },